cole_mcpio_ubicacion
ABEJORRAL
ABRIAQUI
ABRIAQUÍ
ALEJANDRIA
ALEJANDRÍA
AMAGA
AMAGÁ
AMALFI
ANDES
ANGELOPOLIS
ANGELÓPOLIS
ANGOSTURA
ANORI
ANORÍ
ANZA
ANZÁ
APARTADO
APARTADÓ
ARBOLETES
ARGELIA
ARMENIA
BARBOSA
BELLO
BELMIRA
BETANIA
BETULIA
BOLIVAR
BRICEÑO
BURITICA
BURITICÁ
CACERES
CAICEDO
CALDAS
CAMPAMENTO
CARACOLI
CARACOLÍ
CARAMANTA
CAREPA
CARMEN DE VIBORAL
CAROLINA
CAUCASIA
CAÑASGORDAS
CHIGORODO
CHIGORODÓ
CISNEROS
CIUDAD BOLÍVAR
COCORNA
COCORNÁ
CONCEPCION
CONCEPCIÓN
CONCORDIA
COPACABANA
CÁCERES
DABEIBA
DON MATIAS
DONMATÍAS
EBEJICO
EBÉJICO
EL BAGRE
EL CARMEN DE VIBORAL
EL SANTUARIO
ENTRERRIOS
ENTRERRÍOS
ENVIGADO
FREDONIA
FRONTINO
GIRALDO
GIRARDOTA
GOMEZ PLATA
GRANADA
GUADALUPE
GUARNE
GUATAPE
GUATAPÉ
GÓMEZ PLATA
HELICONIA
HISPANIA
ITAGUI
ITAGÜÍ
ITUANGO
JARDIN
JARDÍN
JERICO
JERICÓ
LA CEJA
LA ESTRELLA
LA PINTADA
LA UNION
LA UNIÓN
LIBORINA
MACEO
MARINILLA
MEDELLIN
MEDELLÍN
MONTEBELLO
MURINDO
MURINDÓ
MUTATA
MUTATÁ
NARIÑO
NECHI
NECHÍ
NECOCLI
NECOCLÍ
OLAYA
PEQUE
PEÑOL
PUEBLORRICO
PUERTO BERRIO
PUERTO BERRÍO
PUERTO NARE
PUERTO NARE (LA MAGDALENA)
PUERTO TRIUNFO
REMEDIOS
RETIRO
RIONEGRO
SABANALARGA
SABANETA
SALGAR
SAN ANDRES
SAN ANDRÉS DE CUERQUÍA
SAN CARLOS
SAN FRANCISCO
SAN JERONIMO
SAN JERÓNIMO
SAN JOSE DE LA MONTAÑA
SAN JOSÉ DE LA MONTAÑA
SAN JUAN DE URABA
SAN JUAN DE URABÁ
SAN LUIS
SAN PEDRO
SAN PEDRO DE LOS MILAGROS
SAN PEDRO DE URABA
SAN PEDRO DE URABÁ
SAN RAFAEL
SAN ROQUE
SAN VICENTE
SAN VICENTE FERRER
SANTA BARBARA
SANTA BÁRBARA
SANTA FÉ DE ANTIOQUIA
SANTA ROSA DE OSOS
SANTAFÉ DE ANTIOQUIA
SANTO DOMINGO
SANTUARIO
SEGOVIA
SONSON
SONSÓN
SOPETRAN
SOPETRÁN
TAMESIS
TARAZA
TARAZÁ
TARSO
TITIRIBI
TITIRIBÍ
TOLEDO
TURBO
TÁMESIS
URAMITA
URRAO
VALDIVIA
VALPARAISO
VALPARAÍSO
VEGACHI
VEGACHÍ
VENECIA
VIGIA DEL FUERTE
VIGÍA DEL FUERTE
YALI
YALÍ
YARUMAL
YOLOMBO
YOLOMBÓ
YONDO (CASABE)
YONDÓ
ZARAGOZA
